ID,Name,Default short code,Functional group,Sources using,Annotation count,MERMAID_BA,MERMAID_GF,Note
88,Porites rus,PorRus,Hard coral,268,224600,Porites rus,,
60,Astreopora,Astreo,Hard coral,340,29485,Astreopora,,
74,Porites,Porites,Hard coral,539,879770,Porites,,
58,Acanthastrea,Acanth,Hard coral,350,5265,Acanthastrea,,
1261,Anomastraea,Anoma,Hard coral,34,68,Anomastraea,,
87,Blastomussa,Blast,Hard coral,117,390,Blastomussa,,
61,Cyphastrea,Cypha,Hard coral,374,33673,Cyphastrea,,
69,Montastraea,Montastr,Hard coral,252,10400,Montastraea,,
77,Stylocoeniella,Styloc,Hard coral,245,1279,Stylocoeniella,,
73,Pocillopora,Pocill,Hard coral,586,493517,Pocillopora,,
70,Montipora,Monti,Hard coral,495,409974,Montipora,,
64,Gardineroseris,Gardineros,Hard coral,267,2541,Gardineroseris,,
67,Leptoseris,Leptoseris,Hard coral,319,10072,Leptoseris,,
72,Pavona,Pavona,Hard coral,453,81573,Pavona,,
78,Tubastrea,Tubastrea,Hard coral,240,1298,Tubastrea,,
94,Seagrass,Seagrass,Seagrass,375,1246572,Seagrass,,
81,Macroalgae,MAL,Algae,1045,2250265,Macroalgae,,
63,Fungia,Fungia,Hard coral,399,24423,Fungia,,
68,Lobophyllia,Lobophyl,Hard coral,361,17832,Lobophyllia,,
99,Echinopora,Echinopora,Hard coral,308,54654,Echinopora,,
204,Acropora (branching),Acr_bra,Hard coral,268,202244,Acropora,Branching,
66,Leptastrea,Lepta,Hard coral,395,29936,Leptastrea,,
92,Algae,Algae,Algae,475,392052,Macroalgae,,
79,Millepora,Millepora,Other Invertebrates,562,106440,Millepora,,
71,Pachyseris,Pachyseris,Hard coral,317,7293,Pachyseris,,
75,Psammocora,Psammo,Hard coral,354,13087,Psammocora,,
91,Hard coral,HC,Hard coral,572,473382,Hard coral,,
82,Turf algae,Turf,Algae,1140,14801991,Turf algae,,
95,Sediment,Sediment,Soft Substrate,182,521597,Bare substrate,,
80,Soft Coral,SC,Other Invertebrates,1031,461743,Soft coral,,
132,Porites cylindrica,PorCyl,Hard coral,80,54346,Porites cylindrica,,
130,Goniopora,Goniopora,Hard coral,335,17789,Goniopora,,
145,Sea cucumber,cucumber,Other Invertebrates,193,1675,Sea cucumber,,
134,Corallimorpharia,Collimorph,Other Invertebrates,190,7499,Corallimorpharia,,
138,Lobophora,Lobophora,Algae,289,109934,Lobophora,,
129,Acropora humilis,AcrHum,Hard coral,49,125,Acropora humilis,,
127,Acropora hyacinthus,AcrHya,Hard coral,31,1713,Acropora hyacinthus,,
126,Acropora millepora,AcrMille,Hard coral,34,5134,Acropora millepora,,
109,Agariciidae,AGARICIIDA,Hard coral,37,3420,Agariciidae,,
113,Porites astreoides,PorAstr,Hard coral,212,82278,Porites astreoides,,
133,Zoanthid,Zoanthid,Other Invertebrates,501,21027,Zoanthid,,
124,Broken coral rubble,C-Rubble,Other,312,270363,Rubble,,
117,Goniastrea,Goniastrea,Hard coral,343,81678,Goniastrea,,
115,Favites,Favites,Hard coral,370,43642,Favites,,
105,Dead coral,D_coral,Hard Substrate,774,625307,Dead coral,,
116,Platygyra,Platy,Hard coral,369,50117,Platygyra,,
119,Bleached Hard Coral,B_HC,Hard coral,428,54139,Bleached coral,,
139,Algae (fleshy),AL_fleshy,Algae,250,68311,Macroalgae,,
110,Montastraea cavernosa,MontaCav,Hard coral,208,283796,Montastraea cavernosa,,
107,Transect hardware,Transect,Other,279,698102,Other,,
190,Coscinaraea,Cosci,Hard coral,272,2433,Coscinaraea,,
164,Diploastrea,Diplo,Hard coral,248,15090,Diploastrea,,
185,Stylophora,Styloph,Hard coral,316,23662,Stylophora,,
170,Pocilloporidae,POCIL,Hard coral,94,253092,Pocilloporidae,,
154,Montipora stellata,MontiStel,Hard coral,9,213,Montipora stellata,,
168,Acroporidae (branching),ACR_br,Hard coral,98,863762,Acroporidae,Branching,
150,Isopora,Isopora,Hard coral,256,35866,Isopora,,
192,Echinophyllia,Echinophyl,Hard coral,257,3083,Echinophyllia,,
189,Seriatopora,Seriatop,Hard coral,278,19331,Seriatopora,,
171,Poritidae (massive),POR_mas,Hard coral,111,222375,Poritidae,Massive,
183,Sponge (massive),SP_mass,Other Invertebrates,99,14618,Sponge,Massive,
3093,Hard Coral (arborescent),HC_arb,Hard coral,32,1837,Hard coral,Arborescent,
111,Siderastrea siderea,SidSid,Hard coral,172,122090,Siderastrea siderea,,
216,Bleached Porites,B_Porit,Hard coral,109,9761,Bleached coral,,
224,Bleached Goniopora,B_Goniop,Hard coral,57,71,Bleached coral,,
201,Merulina,Merulina,Hard coral,266,10672,Merulina,,
199,Turbinaria (coral),Turbinaria,Hard coral,339,15536,Turbinaria-coral,,
4105,Junceella,Junceella,Other Invertebrates,21,353,Juncella,,
200,Symphyllia,Symph,Hard coral,241,2024,Symphyllia,,
211,Bleached Echinopora,B_Echinop,Hard coral,40,1511,Bleached coral,,
212,Bleached Montipora,B_Monti,Hard coral,94,21639,Bleached coral,,
218,Asparagopsis,Asparago,Algae,136,29329,Asparagopsis,,
227,Ascidian,ASCD,Other Invertebrates,322,18023,Ascidian,,
239,Hard Coral (encrusting),HC_encr,Hard coral,341,119250,Hard coral,Encrusting,
3241,Siderastrea stellata,SidStel,Hard coral,40,7549,Siderastrea stellata,,
2562,Jania,Jania,Algae,107,22023,Jania,,
605,Acropora (encrusting),Acr_enc,Hard coral,128,957,Acropora,Encrusting,
387,Madracis,Madracis,Hard coral,173,2873,Madracis,,
385,Isophyllia,Isophyllia,Hard coral,52,41,Isophyllia,,
390,Mycetophyllia,Mycetophy,Hard coral,93,540,Mycetophyllia,,
444,Porites compressa,PorComp,Hard coral,262,551599,Porites compressa,,
443,Porites brighami,PorBrig,Hard coral,105,156,Porites brighami,,
448,Pocillopora damicornis,PocDam,Hard coral,295,28011,Pocillopora damicornis,,
438,Montipora capitata,MontiCap,Hard coral,248,231793,Montipora capitata,,
420,Pocillopora ligulata,PocLig,Hard coral,98,161,Pocillopora ligulata,,
439,Montipora flabellata,MontiFlab,Hard coral,180,2321,Montipora flabellata,,
440,Montipora patula,MontiPat,Hard coral,188,59311,Montipora patula,,
447,Porites monticulosa,PorMont,Hard coral,85,3602,Porites monticulosa,,
428,Padina,Padina,Algae,368,130633,Padina,,
446,Porites evermanni,PorEverm,Hard coral,153,14836,Porites evermanni,,
423,Caulerpa,Caulerpa,Algae,295,39476,Caulerpa,,
403,Halimeda,Halimeda,Algae,489,637554,Halimeda,,
422,Dictyosphaeria,Dictyosph,Algae,88,2351,Dictyosphaeria,,
449,Pocillopora grandis (eydouxi),PocGran,Hard coral,194,13246,Pocillopora grandis,,
418,Neomeris,Neomeris,Algae,120,586,Neomeris,,
452,Microdictyon,Microdicty,Algae,69,20422,Microdictyon,,
429,Sargassum,Sargassum,Algae,354,283516,Sargassum,,
441,Pavona duerdeni,PavDue,Hard coral,161,4746,Pavona duerdeni,,
442,Pavona varians,PavVar,Hard coral,219,11295,Pavona varians,,
407,Aplysina fistularis,AplFist,Other Invertebrates,22,2975,Aplysina fistularis,,
415,Amphimedon compressa,AmphComp,Other Invertebrates,19,1463,Amphimedon compressa,,
406,Aplysina archeri,AplArch,Other Invertebrates,17,268,Aplysina archeri,,
474,Siderastrea,Siderastr,Hard coral,215,49668,Siderastrea,,
461,Water,WATER,Other,220,106718,Other,,
460,Fish,FISH,Other,490,8889,Other,,
515,Rock,Rock,Hard Substrate,619,847967,Rock,,
3404,Bleached Lobactis scutaria,B_LobScut,Hard coral,71,0,Bleached coral,,
621,Montipora (encrusting),Monti_encr,Hard coral,77,46823,Montipora,Encrusting,
602,Acropora (digitate),Acr_dig,Hard coral,209,44640,Acropora,Digitate,
600,Acropora (arborescent),Acr_arb,Hard coral,89,62758,Acropora,Arborescent,
603,Acropora (arborescent table),Acr_arbTab,Hard coral,30,414,Acropora,Arborescent,
601,Acropora (hispidose),Acr_hisp,Hard coral,19,63,Acropora,Branching,
611,Astreopora (encrusting),Astreo_enc,Hard coral,28,194,Astreopora,Encrusting,
613,Astreopora (massive),Astreo_mas,Hard coral,27,901,Astreopora,Massive,
608,Ctenactis,Ctena,Hard coral,228,609,Ctenactis,,
633,Heliopora,Heliop,Other Invertebrates,170,35790,Heliopora,,
599,Pocillopora verrucosa,PocVer,Hard coral,46,4799,Pocillopora verrucosa,,
610,Euphyllia,Euphyllia,Hard coral,199,2730,Euphyllia,,
643,Algae (foliose),AL_fol,Algae,37,2214,Macroalgae,Foliose,
623,Leptoria,Leptoria,Hard coral,268,19178,Leptoria,,
637,Tridacna: Giant clam,GiCl,Other Invertebrates,226,3941,Tridacna giant clam,,
609,Plerogyra,Plero,Hard coral,149,1164,Plerogyra,,
606,Acropora (plating),Acr_plat,Hard coral,40,11460,Acropora,Plates or tables,
620,Montipora (branching),Monti_br,Hard coral,56,1698,Montipora,Branching,
634,Tubipora musica,TubiMus,Other Invertebrates,31,98,Tubipora musica,,
642,Algae (filamentous),AL_filam,Algae,96,13618,Macroalgae,,
1176,Porites furcata,PorFurc,Hard coral,107,7340,Porites furcata,,
782,Stylophora pistillata,StPis,Hard coral,41,14296,Stylophora pistillata,,
770,Bleached Stylophora pistillata,B_StPis,Hard coral,33,5065,Bleached coral,,
760,Galaxea,Galaxea,Hard coral,303,29819,Galaxea,,
804,Acroporidae (hispidose),ACR_hi,Hard coral,45,3544,Acroporidae,Branching,
774,Bleached Fungia,B_Fungia,Hard coral,62,5321,Bleached coral,,
809,Cymodocea serrulata,CymSer,Seagrass,13,186780,Cymodocea serrulata,,
813,sandy mud,sand_mud,Soft Substrate,27,3108,Silt,,
815,Mud,Mud,Soft Substrate,68,620498,Silt,,
971,Favites halicora,FavHal,Hard coral,16,1207,Favites halicora,,Need to add to MERMAID. WORMS link: https://www.marinespecies.org/aphia.php?p=taxdetails&id=207447
972,Favites pentagona,FavPent,Hard coral,24,3935,Favites pentagona,,Need to add to MERMAID. WORMS link: https://www.marinespecies.org/aphia.php?p=taxdetails&id=207446
1035,Psammocora stellata,PsamStell,Hard coral,111,711,Psammocora stellata,,Need to add to MERMAID. WORMS link: https://www.marinespecies.org/aphia.php?p=taxdetails&id=287784
1250,Oculina patagonica,OcuPat,Hard coral,17,82,Oculina patagonica,,Need to add to MERMAID. WORMS link: https://www.marinespecies.org/aphia.php?p=taxdetails&id=135210
1187,Diploria labyrinthiformis,DiplLab,Hard coral,160,43889,Diploria labyrinthiformis,,
238,Hard Coral (foliose),HC_fol,Hard coral,255,28143,Hard coral,Foliose,
1645,Psammocora albopicta,PsamAlb,Hard coral,11,158,Psammocora albopicta,,Need to add to MERMAID. WORMS link: https://www.marinespecies.org/aphia.php?p=taxdetails&id=287782
237,Hard Coral (massive),HC_massive,Hard coral,354,182808,Hard coral,Massive,
1773,Dendrogyra cylindrus,DenCyl,Hard coral,103,1315,Dendrogyra cylindrus,,
792,CCA growing on rubble,CCA_Rub,Algae,74,9798,Crustose coralline algae,,
1126,Mobile fauna,Mobile,Other,43,7370,Other invertebrates,,
1376,Siderastrea radians,SidRad,Hard coral,139,1973,Siderastrea radians,,
1866,Psammocora nierstraszi,PsamNier,Hard coral,105,257,Psammocora nierstraszi,,
1371,Porites branneri,PorBran,Hard coral,89,61,Porites branneri,,
1357,Agaricia agaricites,AgAga,Hard coral,154,35292,Agaricia agaricites,,
1358,Agaricia fragilis,AgFra,Hard coral,90,190,Agaricia fragilis,,
1359,Agaricia grahamae,AgGra,Hard coral,87,804,Agaricia grahamae,,
1360,Agaricia lamarcki,AgLam,Hard coral,110,1045,Agaricia lamarcki,,
1361,Cladocora arbuscula,ClaArb,Hard coral,39,15,Cladocora arbuscula,,
1374,Pseudodiploria strigosa,PseuStrig,Hard coral,131,24752,Pseudodiploria strigosa,,
1373,Pseudodiploria clivosa,PseuCliv,Hard coral,109,2550,Pseudodiploria clivosa,,
1369,Orbicella faveolata,OrbFav,Hard coral,152,287780,Orbicella faveolata,,
1368,Orbicella annularis,OrbAnn,Hard coral,144,69437,Orbicella annularis,,
1370,Orbicella franksi,OrbFrank,Hard coral,136,47172,Orbicella franksi,,
1364,Madracis auretenra,MadAure,Hard coral,58,9258,Madracis auretenra,,
1362,Isophyllia rigida,IsophRig,Hard coral,63,78,Isophyllia rigida,,
1363,Isophyllia sinuosa,IsophSin,Hard coral,90,85,Isophyllia sinuosa,,
1366,Mycetophyllia aliciae,MycetAli,Hard coral,85,51,Mycetophyllia aliciae,,
1367,Mycetophyllia ferox,MycetFer,Hard coral,84,60,Mycetophyllia ferox,,
3099,Hard Coral (bushy),HC_bushy,Hard coral,42,26127,Hard coral,Branching,
1378,Stephanocoenia intersepta,StephInt,Hard coral,124,3347,Stephanocoenia intersepta,,
89,Porites lobata,PorLob,Hard coral,183,423219,Porites lobata,,
1389,Pterogorgia,Pterogorg,Other Invertebrates,79,3878,Pterogorgia,,
1410,Stylophora (branching),St_bra,Hard coral,77,8516,Stylophora,Branching,
1413,Porites (branching),Por_branch,Hard coral,196,38170,Porites,Branching,
1402,Sand (soft),Sand_soft,Soft Substrate,29,131753,Sand,,
1457,Rubble,Rubble,Other,645,1167310,Rubble,,
1544,Acropora downingi,AcrDown,Hard coral,15,4441,Acropora downingi,,
1788,Porites porites,PorPor,Hard coral,144,10668,Porites porites,,
1570,Porites harrisoni,PorHar,Hard coral,13,3490,Porites harrisoni,,
1551,Madracis kirbyi,MadKirb,Hard coral,12,4,Madracis kirbyi,,
1546,Acropora pharaonis,AcrPhar,Hard coral,12,115,Acropora pharaonis,,
1547,Acropora arabensis,AcrArab,Hard coral,15,881,Acropora arabensis,,
1556,Cyphastrea serailia,CyphSer,Hard coral,17,494,Cyphastrea serailia,,
1555,Cyphastrea microphthalma,CyphMic,Hard coral,20,2236,Cyphastrea microphthalma,,
1550,Montipora spongiosa,MontiSpon,Hard coral,8,588,Montipora spongiosa,,
1177,Porites divaricata,PorDiv,Hard coral,101,383,Porites divaricata,,
1564,Turbinaria peltata,TurPel,Hard coral,16,213,Duncanopsammia peltata,,
1566,Turbinaria reniformis,TurRen,Hard coral,20,224,Turbinaria reniformis,,
1565,Heterocyathus aequicostatus,HetAeq,Hard coral,4,0,Heterocyathus aequicostatus,,
1559,Plesiastrea versipora,PlesVers,Hard coral,44,314,Plesiastrea versipora,,
1775,Dichocoenia stokesi,Dicho_stok,Hard coral,99,578,Dichocoenia stokesii,,
1573,Siderastrea savignyana,SidSav,Hard coral,13,28,Siderastrea savignyana,,
1574,Anomastraea irregularis,AnIrr,Hard coral,11,125,Anomastraea irregularis,,
1577,Coscinaraea columna,CoCol,Hard coral,16,51,Psammocora columna,,
1576,Psammocora contigua,PsamCon,Hard coral,26,453,Psammocora contigua,,
1571,Porites lutea,PorLut,Hard coral,58,16394,Porites lutea,,
1572,Goniopora lobata,GonioLob,Hard coral,13,25,Goniopora lobata,,
191,Fungiidae,FUNGIID,Hard coral,47,1719,Fungiidae,,
1614,Plesiastrea,Plesiastr,Hard coral,167,470,Plesiastrea,,
1578,Pavona explanulata,PavExp,Hard coral,11,26,Pavona explanulata,,
353,Molluscs: Gastropods,gastropod,Other Invertebrates,146,1935,Other invertebrates,,
1648,Crown of Thorns Sea Star,COT,Other Invertebrates,167,3077,Acanthaster planci,,
1612,Phymastrea,Phyma,Hard coral,44,7649,Favites,,
1639,sediment (fine),sed_fine,Soft Substrate,55,108178,Bare substrate,,
1638,sediment (thick),sed_thick,Soft Substrate,18,20623,Bare substrate,,
1780,Madracis carmabi,MadCarm,Hard coral,57,3,Madracis carmabi,,
1777,Favia fragum,FaviaFrag,Hard coral,106,145,Favia fragum,,
1768,Acropora cervicornis,AcrCerv,Hard coral,156,277244,Acropora cervicornis,,
1769,Acropora palmata,AcrPalm,Hard coral,147,15343,Acropora palmata,,
1766,Agaricia tenuifolia,AgTen,Hard coral,89,13793,Agaricia tenuifolia,,
1770,Agaricia undata,AgUnd,Hard coral,54,19,Agaricia undata,,
1772,Colpophyllia natans,CoNat,Hard coral,141,29439,Colpophyllia natans,,
1781,Madracis decactis,MadDeca,Hard coral,123,10946,Madracis decactis,,
1802,Gorgoniidae,GORGONII,Other Invertebrates,195,164403,Gorgonian,,
1784,Madracis pharensis,MadPhar,Hard coral,50,6,Madracis pharensis,,
1785,Mycetophyllia danaana,MycetDan,Hard coral,51,26,Mycetophyllia danaana,,
1786,Mycetophyllia lamarckana,MycetLam,Hard coral,59,77,Mycetophyllia lamarckana,,
3972,Astreopora gracilis,AstreoGra,Hard coral,7,429,Astreopora gracilis,,
4521,Bleached Pocillopora ligulata,B_PocLig,Hard coral,59,121,Bleached coral,,
2486,Asparagopsis armata,AspaArm,Algae,7,42501,Asparagopsis armata,,
1828,Lobactis scutaria,LobScut,Hard coral,151,1040,Lobactis scutaria,,
1865,Porites lichen,PorLich,Hard coral,96,1551,Porites lichen,,
1854,Tunicate,Tunicate,Other Invertebrates,299,15827,Tunicate,,
1829,Bivalve,Bivalve,Other Invertebrates,174,20127,Bivalve,,
1853,Bryozoan,bryozoan,Other Invertebrates,296,35013,Bryozoan,,
1869,Asparagopsis taxiformis,AspaTax,Algae,108,8754,Asparagopsis taxiformis,,
1860,Pavona maldivensis,PavMal,Hard coral,109,57,Pavona maldivensis,,
1858,Thalassia,Thalassia,Seagrass,26,4746,Thalassia,,
1859,Syringodium,Syringodiu,Seagrass,24,82810,Syringodium,,
1868,Galaxaura,Galaxaura,Algae,154,5451,Galaxaura,,
1946,Pavona cactus,PavCac,Hard coral,32,112,Pavona cactus,,
1950,Favites flexuosa,FavFlex,Hard coral,13,1548,Favites flexuosa,,
1936,Heliopora coerulea,HelCoe,Other Invertebrates,42,8243,Heliopora coerulea,,
1974,Porites (massive),Por_mass,Hard coral,188,223482,Porites,Massive,
1782,Madracis formosa,MadForm,Hard coral,44,10,Madracis formosa,,
1964,Scapophyllia,Scapophyll,Hard coral,109,257,Scapophyllia,,
1968,Galaxea fascicularis,GalFasc,Hard coral,37,1651,Galaxea fascicularis,,
1962,Goniastrea stelligera,GonStell,Hard coral,39,3350,Goniastrea stelligera,,
2458,Madracis senaria,MadSen,Hard coral,52,25,Madracis senaria,,
2036,Bleached Pocillopora grandis (eydouxi),B_PocGran,Hard coral,101,439,Bleached coral,,
2037,Alveopora,Alveopora,Hard coral,219,6283,Alveopora,,
2026,Galaxaura rugosa,GalRug,Algae,25,5020,Galaxaura rugosa,,
2084,Dead Pocillopora,D_Pocillo,Hard coral,33,3866,Dead coral,,
3518,Astrea curta,AstrCurt,Hard coral,14,286,Astrea curta,,
2059,Acropora (caespitose),Acr_caes,Hard coral,19,160,Acropora,Branching,
2077,Cyphastrea agassizi,CyphAga,Hard coral,12,25,Cyphastrea agassizi,,
2049,Distichopora,Disticho,Hard coral,19,5,Distichopora,,
2129,Oculina arbuscula,OcuArb,Hard coral,13,426,Oculina arbuscula,,
4502,Astreopora incrustans,AstreoInc,Hard coral,6,58,Astreopora incrustans,,
2110,Favites abdita,FavAbd,Hard coral,19,1947,Favites abdita,,
2108,Halophila stipulacea,HalophStip,Seagrass,52,214958,Halophila stipulacea,,
2106,Halodule uninervis,HalodUni,Seagrass,36,62390,Halodule uninervis,,
2157,Paramontastraea peresi,ParamPer,Hard coral,14,791,Paramontastraea peresi,,
2201,Bleached Pocillopora meandrina,B_PocMean,Hard coral,125,1754,Bleached coral,,
2186,Bleached Montipora flabellata,B_MontiFla,Hard coral,113,535,Bleached coral,,
2230,Turf on rubble,Turf_rubbl,Algae,125,115770,Turf algae,,
2209,Bleached Porites compressa,B_PorComp,Hard coral,125,6197,Bleached coral,,
2271,Astreopora (tabulate),Astreo_tab,Hard coral,8,1,Astreopora,Plates or tables,
2279,Coscinaraea (encrusting),Co_enc,Hard coral,15,7,Coscinaraea,Encrusting,
2278,Coscinaraea (sub-massive),Co_subm,Hard coral,11,11,Coscinaraea,Submassive,
2284,Cyphastrea (sub-massive),Cyph_subm,Hard coral,12,82,Cyphastrea,Submassive,
2347,Pocillopora (branching),Poc_bran,Hard coral,24,2003,Pocillopora,Branching,
2368,Cynarina,Cynar,Hard coral,47,44,Cynarina,,
4483,Astreopora myriophthalma,AstreoMyr,Hard coral,11,565,Astreopora myriophthalma,,
2346,Bleached Pocillopora (branching),B_Poc_bran,Hard coral,15,156,Bleached coral,,
2373,Trachyphyllia,Trachyph,Hard coral,44,93,Trachyphyllia,,
2381,Acropora divaricata,AcrDiv,Hard coral,14,8,Acropora divaricata,,
2382,Acropora samoensis,AcrSam,Hard coral,7,4,Acropora samoensis,,
2383,Acropora secale,AcrSec,Hard coral,16,4,Acropora secale,,
503,Dictyota,Dictyota,Algae,444,725135,Dictyota,,
2386,Acropora muricata,AcrMur,Hard coral,32,12252,Acropora muricata,,
2387,Acropora nasuta,AcrNas,Hard coral,16,32,Acropora nasuta,,
4484,Astreopora ocellata,AstreoOce,Hard coral,9,415,Astreopora ocellata,,
2434,Acropora squarrosa,AcrSqu,Hard coral,8,668,Acropora squarrosa,,
2435,Acropora valida,AcrVal,Hard coral,13,1021,Acropora valida,,
2428,Agaricia,Agaricia,Hard coral,63,750,Agaricia,,
2429,Balanophyllia,Balanophy,Hard coral,7,1,Balanophyllia,,
2436,Montipora danae,MontiDan,Hard coral,9,665,Montipora danae,,
2427,Tubipora,Tubipora,Other Invertebrates,61,636,Tubipora,,
2485,Bleached Acropora,B_Acro,Hard coral,87,16025,Bleached coral,,
2451,Pseudopterogorgia,Pseudopter,Other Invertebrates,52,16736,Pseudopterogorgia,,
2457,Helioseris cucullata,HeCuc,Hard coral,53,79,Helioseris cucullata,,
2490,Bleached Pocillopora,B_Pocillo,Hard coral,95,12723,Bleached coral,,
2494,Bleached Pavona,B_Pavona,Hard coral,50,233,Bleached coral,,
2496,Bleached Favites,B_Favites,Hard coral,67,5320,Bleached coral,,
2513,Pavement,Pavement,Hard Substrate,84,311321,Other,,
532,Peyssonnelia,Peysson,Algae,207,330875,Peyssonnelid algae,,
267,Hydrocoral,hydrocoral,Other Invertebrates,35,13,Millepora,,
2543,Cyanobacteria,CYANOB,Other,348,649655,Cyanobacteria,,
2659,Orbicella,Orbicella,Hard coral,63,26081,Orbicella,,
2827,Syringodium filiforme,SyrFil,Seagrass,11,573,Syringodium filiforme,,
3014,Dead seagrass,D_Seagrass,Seagrass,47,20574,Seagrass,,
3054,Dipsastraea pallida,DipsPal,Hard coral,13,754,Dipsastraea pallida,,
3055,Dipsastraea speciosa,DipsSpe,Hard coral,10,748,Dipsastraea speciosa,,
3097,Hard Coral (columnar),HC_column,Hard coral,132,3017,Hard coral,Columnar,
3078,Acropora tortuosa,AcrTort,Hard coral,9,8,Acropora tortuosa,,
3080,Dead Agaricia,D_Agari,Hard Substrate,18,11564,Dead coral,,
3073,Psammocora profundacella,PsamProf,Hard coral,28,108,Psammocora profundacella,,
3225,Paracyathus,Paracya,Hard coral,5,412,Paracyathus,,
3208,Anemone,Anemone,Other Invertebrates,290,5894,Anemone,,
1583,Acanthastrea echinata,AcanEch,Hard coral,28,1106,Acanthastrea echinata,,
2378,Acanthastrea hemprichii,AcanHem,Hard coral,5,4,Acanthastrea hemprichii,,
1545,Acropora clathrata,AcrClath,Hard coral,19,2255,Acropora clathrata,,
2384,Acropora elseyi,AcrEls,Hard coral,13,45,Acropora elseyi,,
149,Acropora florida,AcrFlo,Hard coral,18,273,Acropora florida,,
3289,Alveopora tizardi,AlTiz,Hard coral,7,5,Alveopora tizardi,,
2379,Acropora gemmifera,AcrGem,Hard coral,19,200,Acropora gemmifera,,
221,Acropora (corymbose),Acr_corym,Hard coral,119,19114,Acropora,Corymbose,
2380,Acropora loripes,AcrLor,Hard coral,10,4,Acropora loripes,,
2385,Acropora monticulosa,AcrMon,Hard coral,13,10,Acropora monticulosa,,
1356,Acropora prolifera,AcrPro,Hard coral,93,3812,Acropora prolifera,,
2388,Acropora spathulata,AcrSpa,Hard coral,6,0,Acropora spathulata,,
627,Acropora (submassive),Acr_sub,Hard coral,103,15047,Acropora,Submassive,
187,Acropora (tabulate),Acr_tab,Hard coral,223,119467,Acropora,Plates or tables,
1188,Agaricia humilis,AgHum,Hard coral,104,2684,Agaricia humilis,,
2568,Astrangia,Astran,Hard coral,12,0,Astrangia,,
1460,Astrangia poculata,AstranPoc,Hard coral,9,272,Astrangia poculata,,
2616,Astrea,Astrea,Hard coral,109,6361,Astrea,,
2272,Astreopora (sub-massive),Astreo_sub,Hard coral,9,0,Astreopora,Submassive,
2273,Blastomussa Sub-Massive,Blast_subm,Hard coral,8,0,Blastomussa,Submassive,
805,Cladocora caespitosa,ClaCae,Hard coral,21,8,Cladocora caespitosa,,
2109,Coscinaraea monile,CoMon,Hard coral,12,47,Coscinaraea monile,,
1580,Culicia tenella,CuTen,Hard coral,16,34,Culicia tenella,,
3232,Cycloseris,Cyclo,Hard coral,100,65,Cycloseris,,
2560,Cycloseris curvata,CycCur,Hard coral,12,60,Cycloseris curvata,,
2422,Cycloseris vaughani,CycVau,Hard coral,80,7,Cycloseris vaughani,,
1030,Cyphastrea ocellina,CyphOce,Hard coral,128,239,Cyphastrea ocellina,,
1609,Dipsastraea,Dipsa,Hard coral,161,55323,Dipsastraea,,
3056,Dipsastraea favus,DipsFav,Hard coral,10,1566,Dipsastraea favus,,
1949,Diploastrea heliopora,DiplHel,Hard coral,36,378,Diploastrea heliopora,,
3320,Dendrophyllia,Dendroph,Hard coral,23,82,Dendrophyllia,,
3322,Pavona clavus,PavClav,Hard coral,11,39,Pavona clavus,,
3292,Pavona (columnar),Pav_col,Hard coral,15,876,Pavona,Columnar,
3323,Pavona venosa,PavVen,Hard coral,28,1344,Pavona venosa,,Need to add to MERMAID. WORMS link: https://www.marinespecies.org/aphia.php?p=taxdetails&id=207301
3314,Favites (massive),Fav_mass,Hard coral,16,478,Favites,Massive,
3354,Acropora cytherea,AcrCyth,Hard coral,19,759,Acropora cytherea,,
3438,Hard Substrate,HS,Hard Substrate,274,1623875,Bare substrate,,
450,Pocillopora meandrina,PocMea,Hard coral,265,41553,Pocillopora meandrina,,
3413,Pavona (submassive),Pav_sub,Hard coral,23,368,Pavona,Submassive,
3463,Catalaphyllia,Catala,Hard coral,20,0,Catalaphyllia,,
3461,Oulophyllia,Ouloph,Hard coral,133,273,Oulophyllia,,
3466,Horastrea,Horastrea,Hard coral,13,0,Horastrea,,
3478,Ctenella,Ctenella,Hard coral,7,14,Ctenella,,
3473,Syringodium isoetifolium,SyrIso,Seagrass,15,97,Syringodium isoetifolium,,
3481,Cymodocea rotundata,CymRot,Seagrass,17,37603,Cymodocea rotundata,,
2237,Biofilm,biofilm,Soft Substrate,40,97985,Other,,
2493,Bleached Stylophora,B_Styloph,Hard coral,33,140,Bleached coral,,
3515,Pocillopora aliciae,PocAli,Hard coral,6,303,Pocillopora aliciae,,
3522,Ascidian (colonial),ASCD_col,Other Invertebrates,58,9482,Ascidian,,
3521,Ascidian (solitary),ASCD_sol,Other Invertebrates,48,8294,Ascidian,,
4486,Favites complanata,FavCom,Hard coral,7,491,Favites complanata,,
3797,Amphibolis antarctica,AmphAnt,Seagrass,8,1077,Amphibolis antarctica,,
3799,Posidonia,Pos,Seagrass,9,15773,Posidonia,,
3885,Dipsastraea maxima,DipsMax,Hard coral,8,34,Astraeosmilia maxima,,
3325,Turbinaria mesenterina,TurMes,Hard coral,10,139,Turbinaria mesenterina,,
222,Shadow,SHAD,Other,500,749372,Other,,
84,Sand,Sand,Soft Substrate,1757,10832392,Sand,,
1807,Silt/Clay,Silt,Soft Substrate,208,42963,Silt,,
59,Acropora,Acropora,Hard coral,515,527176,Acropora,,
4101,Anacropora,Anacropora,Hard coral,42,12,Anacropora,,
3464,Coeloseris,Coeloseris,Hard coral,64,317,Coeloseris,,
1870,Gardineroseris planulata,GaPlan,Hard coral,42,77,Gardineroseris planulata,,
3479,Heterocyathus,Heterocya,Hard coral,25,1,Heterocyathus,,
2046,Craterastrea,Craterastr,Hard coral,12,0,Craterastrea,,
691,Balanophyllia elegans,BalEle,Hard coral,12,746,Balanophyllia (Balanophyllia) elegans,,
1569,Cladopsammia gracilis,ClaGra,Hard coral,9,12,Cladopsammia gracilis,,
435,Turbinaria (algae),Turbin,Algae,307,96472,Turbinaria-algae,,
342,Echinoderms: sea urchin,Urchins,Other Invertebrates,504,25525,Sea urchin,,
228,Echinoderms,ECHINODERM,Other Invertebrates,147,742,Sea urchin,,
1827,TAPE,TAPE,Other,306,127595,Other,,
242,Hard Coral (branching),C_branch,Hard coral,333,92925,Hard coral,Branching,
101,CCA (crustose coralline algae),CCA,Algae,1218,2684355,Crustose coralline algae,,
554,Hydnophora,Hydno,Hard coral,273,16546,Hydnophora,,
142,Recent Dead Coral,RD_HC,Hard coral,291,16848,Dead coral,,
206,Bleached Astreopora,B_Astreo,Hard coral,35,582,Bleached coral,,
4520,Bleached Pocillopora damicornis,B_PocDam,Hard coral,99,90,Bleached coral,,
432,Avrainvillea,Avrainvil,Algae,78,1447,Avrainvillea,,
465,Dictyopteris,Dictyopter,Algae,113,29402,Dictyopteris,,
584,Ulva,Ulva,Algae,203,97943,Ulva,,
3620,Tunicate (colonial),Tun_col,Other Invertebrates,28,4864,Tunicate,?,
236,Hard Coral (submassive),HC_submass,Hard coral,174,29048,Hard coral,Submassive,
3101,Soft Coral (massive),SC_massive,Other Invertebrates,17,563,Soft coral,Massive,
3095,Hard Coral (free-living),HC_free,Hard coral,119,3570,Hard coral,Mushroom coral,
3120,Hydrozoan (arborescent),HZ_arbor,Other Invertebrates,9,190,Hydrozoa,Arborescent,
1799,Hydrozoa,HZ,Other Invertebrates,119,1415,Hydrozoa,,
3616,Sponge (arborescent),SP_arbor,Other Invertebrates,28,97,Sponge,Arborescent,
102,Sponge,SP,Other Invertebrates,1055,373557,Sponge,,
2328,Montastraea (encrusting),Monta_encr,Hard coral,14,57,Montastraea,Encrusting,
3253,Bleached Dipsastraea,B_Dipsa,Hard coral,37,1326,Bleached coral,,
4506,Dipsastraea veroni,DipsVer,Hard coral,6,88,Dipsastraea veroni,,
968,Dipsastraea matthai,DipsMatt,Hard coral,12,5610,Dipsastraea matthaii,,
473,Oculina,Oculina,Hard coral,44,17946,Oculina,,
1579,Pavona decussata,PavDec,Hard coral,33,4407,Pavona decussata,,
2605,Bleached Porites (massive),B_Por_mass,Hard coral,55,1697,Bleached coral,,
1951,Paragoniastrea russelli,ParagRus,Hard coral,11,394,Paragoniastrea russelli,,
3934,Favites micropentagonus,FavMic,Hard coral,7,5,Favites micropentagonus,,
1554,Favites acuticollis,FavAcu,Hard coral,12,293,Favites acuticollis,,
2064,Montipora (foliose),Monti_fol,Hard coral,58,44086,Montipora,Foliose,
4505,Acropora aculeus,AcrAcu,Hard coral,8,235,Acropora aculeus,,
3555,Halophila decipiens,HalophDec,Seagrass,13,4,Halophila decipiens,,
2611,Halophila hawaiiana,HalophHaw,Seagrass,11,144,Halophila hawaiiana,,
811,Halophila ovalis,HalophOva,Seagrass,37,14822,Halophila ovalis,,
3482,Halodule wrightii,HalodWri,Seagrass,28,8082,Halodule wrightii,,
2826,Thalassia testudinum,ThalTes,Seagrass,38,23094,Thalassia testudinum,,
3472,Thalassia hemprichii,ThalHemp,Seagrass,15,6757,Thalassia hemprichii,,
1967,Lobophyllia hemprichii,LoboHemp,Hard coral,15,14,Lobophyllia hemprichii,,
463,Turf and sand,Turf_sand,Algae,149,314985,Turf algae,,
3798,Zostera tasmanica,ZosTas,Seagrass,6,1231,Zostera tasmanica,,
4742,Acropora tenuis,AcrTen,Hard coral,19,248,Acropora tenuis,,
4953,Acanthastrea (encrusting),Acan_enc,Hard coral,13,157,Acanthastrea,Encrusting,
4954,Acanthastrea (massive),Acan_mas,Hard coral,11,42,Acanthastrea,Massive,
4960,Acropora (bushy),Acr_bush,Hard coral,15,1232,Acropora,Branching,
59,Acropora,Acropora,Hard coral,105,183326,Acropora,,
600,Acropora (arborescent),Acr_arb,Hard coral,17,4445,Acropora,Arborescent,
204,Acropora (branching),Acr_bra,Hard coral,32,9918,Acropora,Branching,
602,Acropora (digitate),Acr_dig,Hard coral,28,8111,Acropora,Digitate,
187,Acropora (tabulate),Acr_tab,Hard coral,26,10516,Acropora,Plates or tables,
5347,Acropora cf. pulchra,APULCHRA,Hard coral,5,25702,,,
2386,Acropora muricata,AcrMur,Hard coral,6,4016,Acropora muricata,,
58,Acanthastrea,Acanth,Hard coral,67,540,Acanthastrea,,
168,Acroporidae (branching),ACR_br,Hard coral,10,12099,Acroporidae,Branching,
69,Montastraea,Montastr,Hard coral,46,998,Montastraea,,Need to add to MERMAID
169,Acroporidae (plate/encrusting),ACR_p_e,Hard coral,5,3688,Acroporidae,Encrusting,
1357,Agaricia agaricites,AgAga,Hard coral,37,14005,Agaricia agaricites,,
64,Gardineroseris,Gardineros,Hard coral,61,1002,Gardineroseris,,
92,Algae,Algae,Algae,61,29589,Macroalgae,,
642,Algae (filamentous),AL_filam,Algae,17,5245,Macroalgae,,
139,Algae (fleshy),AL_fleshy,Algae,131,10399,Macroalgae,,
636,Algal Assemblage,AA,Algae,11,20533,Macroalgae,,
2235,Algal Turf,AlgalTurf,Algae,11,8654,Turf algae,,
68,Lobophyllia,Lobophyl,Hard coral,67,1282,Lobophyllia,,
103,All other,Other,Other,107,16814,Other,,
1591,Amphiroa sp.,Amphi,Algae,69,6090,Amphiroa,,
4574,ARMS-Barnacle,_BAR,Other Invertebrates,12,3206,Other invertebrates,,
2787,ARMS-Biofilm,Bact,Other,5,4681,Other,,
1897,ARMS-CREP-Bivalve,_BI,Other Invertebrates,15,5504,Bivalvia,,
1899,ARMS-CREP-Bryozoan,_BRY,Other Invertebrates,15,40729,Bryozoan,,
1889,ARMS-CREP-Calcareous Worm Tube,_CAWT,Other Invertebrates,15,14761,Other invertebrates,,
1885,ARMS-CREP-Coral,_CO,Hard coral,14,3338,Hard coral,,
1886,ARMS-CREP-No Recruitment,_NR,Other,14,28435,Other,,
1883,ARMS-CREP-Red encrusting macroalgae,_RDEN,Algae,14,2730,Macroalgae,,
1903,ARMS-CREP-Sponge,_SP,Other Invertebrates,14,24519,Sponge,,
1895,ARMS-CREP-Tunicate Colonial,_TUNC,Other Invertebrates,15,23377,Tunicate,,
1887,ARMS-CREP-Unavailable,_UNAV,Other,17,22220,Unknown,,
3563,Articulated coralline algae,ArtCA,Algae,9,2686,Crustose coralline algae,,
108,Meandroid (brain) corals,Brain,Hard coral,6,780,Hard coral,Massive,
227,Ascidian,ASCD,Other Invertebrates,55,2992,Ascidian,,
3522,Ascidian (colonial),ASCD_col,Other Invertebrates,8,2262,Ascidian,,
128,Sarcophyton,Sarco,Other Invertebrates,33,1006,Sarcophyton,,
136,Cladiella,Clad,Other Invertebrates,10,531,Cladiella,,
2616,Astrea,Astrea,Hard coral,47,3530,Astrea,,
140,Calcareous algae,CALG,Algae,17,828,Macroalgae,,
60,Astreopora,Astreo,Hard coral,73,9878,Astreopora,,
1146,Bare Rock,BARK,Hard Substrate,29,60974,Rock,,
96,Bare Substrate,Bare-Subst,Hard Substrate,57,160475,Bare substrate,,
109,Agariciidae,AGARICIIDA,Hard coral,7,586,Agariciidae,,
2237,Biofilm,biofilm,Soft Substrate,15,5411,Other,,
535,Black crust,BlackCru,Algae,33,14378,Macroalgae,,
4818,Black Fungus Disease (BFD),BFD,Other,35,3644,,,Suggest to remove
684,black sponge,BLs,Other Invertebrates,5,2615,Sponge,,
119,Bleached Hard Coral,B_HC,Hard coral,96,7790,Bleached coral,,
3283,Boulder,Bold,Hard Substrate,10,12533,Other,,
592,Branching Gorgonian,BrGorg,Other Invertebrates,46,9176,Rubble,,
124,Broken coral rubble,C-Rubble,Other,65,81244,Rubble,,
2238,Brown fleshy algae,BrFlesAlg,Algae,47,3240,Macroalgae,,
2480,Bugula sp.,Bug,Other Invertebrates,5,2229,Bugula,,Need to add to MERMAID: https://www.marinespecies.org/aphia.php?p=taxdetails&id=110839
1403,Calcifying calcareous crustose algae: DHC,CAL_CCA_DC,Algae,10,3766,Crustose coralline algae,,
135,Sea anemone,ANEM,Other Invertebrates,7,564,Anemone,,
3540,Calcium Carbonate,Calc,Other,45,5020,,,Suggest to remove
423,Caulerpa,Caulerpa,Algae,78,20878,Caulerpa,,
101,CCA (crustose coralline algae),CCA,Algae,333,1088719,Crustose coralline algae,,
425,Cladophora sp.,Cldph,Algae,36,2740,Cladophora,,
4774,Cnidaria: True anemones,CNTR,Other Invertebrates,12,2404,Anemone,,
1772,Colpophyllia natans,CoNat,Hard coral,42,8358,Colpophyllia natans,,
180,Mobile invertebrates,MOB-INV,Other Invertebrates,35,1124,Other invertebrates,,
184,Coral,Coral,Hard coral,59,15018,Hard coral,,
134,Corallimorpharia,Collimorph,Other Invertebrates,50,2468,Corallimorpharia,,
1662,Corallina officinalis (substratum),COS,Algae,9,6242,Corallina officinalis,,Need to add to MERMAID: https://www.marinespecies.org/aphia.php?p=taxdetails&id=145108
1269,CRED-Acropora spp_branching,*ACBR,Hard coral,14,33577,Acropora,Branching,
1270,CRED-Acropora spp_tabulate,*ACTA,Hard coral,14,20947,Acropora,Plates or tables,
1271,CRED-Astreopora spp,*ASSP,Hard coral,12,10575,Astreopora,,
189,Seriatopora,Seriatop,Hard coral,65,1551,Seriatopora,,
1327,CRED-Blue-green macroalga,*BGMA,Algae,45,15466,Macroalgae,,
1340,CRED-CCA growing on hard substrate,*CCAH,Hard Substrate,18,288354,Crustose coralline algae,,
220,Codium,Cod,Algae,76,1479,Codium,,
1341,CRED-CCA growing on rubble,*CCAR,Hard Substrate,15,8749,Crustose coralline algae,,
1317,CRED-Corallimorph,*CMOR,Other Invertebrates,17,5792,Coralimorph,,
199,Turbinaria (coral),Turbinaria,Hard coral,74,1551,Turbinaria-coral,,
200,Symphyllia,Symph,Hard coral,59,1196,Symphyllia,,
1264,CRED-Encrusting hard coral,*ENC,Hard coral,17,16105,Acropora,Encrusting,
218,Asparagopsis,Asparago,Algae,48,646,Asparagopsis,,
1337,CRED-Encrusting macroalgae,*EMA,Algae,29,163479,Macroalgae,Encrusting,
1278,CRED-Favia spp,*FASP,Hard coral,10,7897,Favia,,
1279,CRED-Favites spp,*FAVS,Hard coral,9,3766,Favites,,
1344,CRED-Fine sediment,*FINE,Soft Substrate,15,5232,Bare substrate,,
299,Macroalgae: Large canopy-forming : brown,MALCB,Algae,11,889,Macroalgae,,
300,Macroalgae: Large canopy-forming : Ecklonia,ECKL,Algae,7,1840,Ecklonia,,Need to add to MERMAID: https://www.marinespecies.org/aphia.php?p=taxdetails&id=144195
1283,CRED-Goniastrea spp,*GONS,Hard coral,12,7191,Goniastrea,,
1323,CRED-Green macroalgae,*GRMA,Algae,59,3814,Macroalgae,,
1331,CRED-Halimeda spp,*HALI,Algae,42,39968,Halimeda,,
1345,CRED-Hard substrate,*HARD,Hard Substrate,13,6340,Bare substrate,,
1286,CRED-Isopora spp,*ISSP,Hard coral,9,2729,Isopora,,
1287,CRED-Leptastrea spp,*LEPT,Hard coral,15,2910,Leptastrea,,
1290,CRED-Leptoria spp,*LPHY,Hard coral,8,2566,Leptoria,,
1332,CRED-Lobophora spp,*LOBO,Algae,13,5249,Lobophora,,
1289,CRED-Lobophyllia spp,*LOBS,Hard coral,9,2234,Lobophyllia,,
1263,CRED-Massive hard coral,*MASS,Hard coral,16,3293,Hard coral,Massive,
368,Substrate: Unconsolidated (soft): sand/mud,SUSA,Other Invertebrates,22,1151,Sand,,
1333,CRED-Microdictyon spp,*MICR,Algae,41,20679,Microdictyon,,
419,Palythoa sp,Paly,Hard coral,6,505,Palythoa,,
424,Chrysocystis fragilis,CyFa,Algae,8,571,Chrysocystis fragilis,,Need to add to MERMAID: https://www.marinespecies.org/aphia.php?p=taxdetails&id=375757
1292,CRED-Millepora spp,*MISP,Hard coral,10,2026,Millepora,,
427,Acanthophora spicifera,ASPIC,Algae,42,1556,Acanthophora spicifera,,Need to add to MERMAID: https://www.marinespecies.org/aphia.php?p=taxdetails&id=211768
1350,CRED-Mobile fauna,*MOBF,Other,15,2896,Other invertebrates,,
1293,CRED-Montipora spp_branching,*MOBR,Hard coral,16,4190,Montipora,Branching,
436,Hypnea musciformis,HMUS,Algae,32,1160,Hypnea musciformis,,Need to add to MERMAID: https://www.marinespecies.org/aphia.php?p=taxdetails&id=145634
1294,CRED-Montipora spp_encrusting,*MOEN,Hard coral,15,85826,Montipora,Encrusting,
1295,CRED-Montipora spp_foliose,*MOFO,Hard coral,15,21266,Montipora,Foliose,
439,Montipora flabellata,MontiFlab,Hard coral,51,1050,Montipora flabellata,,Need to add to MERMAID. WORMS link: https://www.marinespecies.org/aphia.php?p=taxdetails&id=207174
1342,CRED-Octocoral,*OCTO,Other Invertebrates,44,19615,Octocorallia,,
447,Porites monticulosa,PorMont,Hard coral,34,1379,Porites monticulosa,,
1298,CRED-Pachyseris spp,*PACS,Hard coral,11,2611,Pachyseris,,
1335,CRED-Padina spp,*PADI,Algae,14,3595,Padina,,
1300,CRED-Pavona spp_encrusting,*PAEN,Hard coral,15,4790,Pavona,Encrusting,
1299,CRED-Pavona spp_massive,*PAMA,Hard coral,15,2889,Pavona,Massive,
422,Dictyosphaeria,Dictyosph,Algae,31,1446,Dictyosphaeria,,
449,Pocillopora grandis (eydouxi),PocGran,Hard coral,48,837,Pocillopora grandis,,
1336,CRED-Peyssonnelia spp,*PESP,Algae,17,77041,Peyssonnelia,,Need to add to MERMAID: https://www.marinespecies.org/aphia.php?p=taxdetails&id=144051
1302,CRED-Platygyra spp,*PLSP,Hard coral,9,2247,Platygyra,,
442,Pavona varians,PavVar,Hard coral,55,969,Pavona varians,,
1304,CRED-Pocillopora spp,*POCS,Hard coral,16,34661,Pocillopora,,
1305,CRED-Porites spp_branching,*POBR,Hard coral,16,18046,Porites,Branching,
1307,CRED-Porites spp_encrusting,*POEN,Hard coral,15,26200,Porites,Encrusting,
460,Fish,FISH,Other,149,500,Other,,Suggest to remove
1308,CRED-Porites spp_foliose,*POFO,Hard coral,13,11879,Porites,Foliose,
508,Caulerpa racemosa,CauRac,Algae,20,766,Caulerpa racemosa,,Need to add to MERMAID: https://www.marinespecies.org/aphia.php?p=taxdetails&id=144472
511,Codium fragile,CodErc,Algae,5,1159,Codium fragile,,Need to add to MERMAID: https://www.marinespecies.org/aphia.php?p=taxdetails&id=145086
1306,CRED-Porites spp_massive,*POMA,Hard coral,16,69448,Porites,Massive,
1325,CRED-Red macroalgae,*RDMA,Algae,51,9886,Macroalgae,,
533,No Data,NODATA,Other,5,1524,,,Suggest to remove
1346,CRED-Rubble substrate,*RUB,Hard Substrate,12,2380,Rubble,,
1347,CRED-Sand,*SAND,Soft Substrate,15,89515,Sand,,
1353,CRED-Shadow,*SHAD,Other,16,60058,Other,,
1319,CRED-Sponge,*SP,Other Invertebrates,14,2605,Sponge,,
1310,CRED-Stylophora spp,*STYS,Hard coral,9,2159,Stylophora,,
1351,CRED-Tape,*TAPE,Other,16,2603,Other,,
1312,CRED-Turbinaria spp,*TURS,Hard coral,9,2350,Turbinaria-coral,,
1348,CRED-Turf growing on hard substrate,*TURFH,Hard Substrate,18,1216402,Turf algae,,
1349,CRED-Turf growing on rubble,*TURFR,Hard Substrate,15,38295,Turf algae,,
1354,CRED-Unclassified/Unknown,*UNK,Other,21,71647,Unknown,,
1338,CRED-Upright macroalgae,*UPMA,Algae,16,7987,Macroalgae,,
1352,CRED-Wand,*WAND,Other,15,6954,Other,,
357,Crustacea: Barnacles,CRB,Other Invertebrates,14,57201,Other invertebrates,,
141,Crustose coralline algae,CCA 1,Algae,26,27014,Crustose coralline algae,,
643,Algae (foliose),AL_fol,Algae,6,1753,Macroalgae,Foliose,
2543,Cyanobacteria,CYANOB,Other,95,247654,Cyanobacteria,,
637,Tridacna: Giant clam,GiCl,Other Invertebrates,53,789,Tridacna giant clam,,
606,Acropora (plating),Acr_plat,Hard coral,7,522,Acropora,Plates or tables,
143,Cyanobacteria films,CYAN,Other,15,2136,Cyanobacteria,,
663,Red sponge,RedS,Other Invertebrates,5,1533,Sponge,,
61,Cyphastrea,Cypha,Hard coral,74,7211,Cyphastrea,,
105,Dead coral,D_coral,Hard Substrate,138,200316,Dead coral,,
756,Kelp (unidentifed Laminariales),KELP,Other Invertebrates,5,746,Macroalgae,,Should we add Kelp in the database? Or just put it as Macroalgae?
1176,Porites furcata,PorFurc,Hard coral,23,1567,Porites furcata,,
635,Dead coral with algae,DeadAlg,Other,25,22955,Dead coral,,
3484,Detritus,detritus,Soft Substrate,17,17254,Other,,
503,Dictyota,Dictyota,Algae,130,206655,Dictyota,,
4589,Dead Acropora (branching),DAcropBra,Hard coral,5,831,Dead coral,,
401,Dictyota spp,Dict,Algae,8,2012,Dictyota,,
164,Diploastrea,Diplo,Hard coral,63,3727,Diploastrea,,
1187,Diploria labyrinthiformis,DiplLab,Hard coral,46,2955,Diploria labyrinthiformis,,
988,Barnacles,Barn,Other Invertebrates,8,1720,Other invertebrates,,
1034,Leptastrea purpurea,LPurp,Hard coral,51,695,Leptastrea purpurea,,
1609,Dipsastraea,Dipsa,Hard coral,63,12712,Dipsastraea,,
1145,"Brown algae, unidentified",BRUN,Algae,15,890,Macroalgae,,
1162,Echinometra mathaei,EMath,Other Invertebrates,5,1144,Echinometra mathaei,,Need to add to MERMAID: https://www.marinespecies.org/aphia.php?p=taxdetails&id=213383
1432,EAM: Dead Hard Coral,EAM_DHC,Algae,13,153688,Dead coral,,
342,Echinoderms: sea urchin,Urchins,Other Invertebrates,160,4120,Sea urchin,,
99,Echinopora,Echinopora,Hard coral,64,18034,Echinopora,,
1274,CRED-Diploastrea spp,*DISP,Hard coral,9,896,Diploastrea,,
1281,CRED-Galaxea spp,*GASP,Hard coral,10,1911,Galaxea,,
1280,CRED-Fungia spp,*FUSP,Hard coral,15,969,Fungia,,
147,Encrusting sponge,ENSP,Other Invertebrates,61,31409,Sponge,Encrusting,
1273,CRED-Cyphastrea spp,*CYPS,Hard coral,15,1397,Cyphastrea,,
1433,Epilithic algal matirx smotheting rubble,EAM_RB,Algae,5,5281,Macroalgae,,Not sure
6916,Erythropodium,erythro,Other Invertebrates,14,3263,Erythropodium,,
1282,CRED-Goniopora/Alveopora spp,*GOAL,Hard coral,10,605,,,Goniopora or Alveopora or Hard Coral?
1265,CRED-Foliose hard coral,*FOL,Hard coral,15,1498,Hard coral,Foliose,
1384,Eunicea spp.,EUNSPP,Other Invertebrates,24,3792,Eunicea,,Need to add to MERMAID: https://www.marinespecies.org/aphia.php?p=taxdetails&id=291322
4709,Favia,fav,Hard coral,50,2047,Favia,,
62,Favia (Indo-Pacific),Favia,Hard coral,13,2011,Favia,,
115,Favites,Favites,Hard coral,75,14966,Favites,,
1272,CRED-Coscinaraea spp,*COSP,Hard coral,16,1073,Coscinaraea,,
6613,Fleshy Calcified Algae,flesh_calc,Algae,15,20766,Macroalgae,,
1637,Framer,FRM,Other,9,9856,Other,,
63,Fungia,Fungia,Hard coral,81,5800,Fungia,,
2026,Galaxaura rugosa,GalRug,Algae,5,3502,Galaxaura rugosa,,
760,Galaxea,Galaxea,Hard coral,63,8427,Galaxea,,
1262,CRED-Branching hard coral,*BR,Hard coral,16,1294,Acroporidae,Branching,
117,Goniastrea,Goniastrea,Hard coral,73,23378,Goniastrea,,
1285,CRED-Hydnophora spp,*HYSP,Hard coral,9,1462,Hydnophora,,
130,Goniopora,Goniopora,Hard coral,77,5648,Goniopora,,
1390,Gorgonia spp.,GORSPP,Other Invertebrates,18,5571,Gorgonia,,Need to add to MERMAID: https://www.marinespecies.org/aphia.php?p=taxdetails&id=267453
1767,Gorgonian,GOR,Other Invertebrates,10,3185,Gorgonian,,
1802,Gorgoniidae,GORGONII,Other Invertebrates,52,60908,Gorgoniidae,,Need to add to MERMAID: https://www.marinespecies.org/aphia.php?p=taxdetails&id=125275
434,Gracilaria salicornia,GSAL,Algae,43,4730,Gracilaria salicornia,,Need to add to MERMAID: https://www.marinespecies.org/aphia.php?p=taxdetails&id=211549
1644,Gravel,GRAV,Soft Substrate,6,5799,Other,,
2472,Green fleshy algae,GFA,Algae,42,3005,Macroalgae,,
403,Halimeda,Halimeda,Algae,108,335282,Halimeda,,
6867,Halimeda copiosa,Hal.cop,Algae,12,14491,Halimeda copiosa,,Need to add to MERMAID: https://www.marinespecies.org/aphia.php?p=taxdetails&id=211515
1924,Halimeda spp.,Hal_spp,Algae,8,2749,Halimeda,,
3482,Halodule wrightii,HalodWri,Seagrass,13,2762,Halodule wrightii,,
2108,Halophila stipulacea,HalophStip,Seagrass,23,176145,Halophila stipulacea,,
1309,CRED-Psammocora spp,*PSSP,Hard coral,15,712,Psammocora,,
7005,Halophilia,halphil,Other,13,22229,Halophila,,
91,Hard coral,HC,Hard coral,95,50446,Hard coral,,
242,Hard Coral (branching),C_branch,Hard coral,57,10907,Hard coral,Branching,
3099,Hard Coral (bushy),HC_bushy,Hard coral,8,5829,Hard coral,Branching,
1324,CRED-Brown macroalgae,*BRMA,Algae,49,806,Macroalgae,,
239,Hard Coral (encrusting),HC_encr,Hard coral,50,20789,Hard coral,Encrusting,
238,Hard Coral (foliose),HC_fol,Hard coral,32,2687,Hard coral,Foliose,
237,Hard Coral (massive),HC_massive,Hard coral,55,23460,Hard coral,Massive,
1329,CRED-Dictyopteris/Dictyota spp,*DICO,Algae,16,1380,,,Dictyopteris or Dictyota?
3298,Hard Coral branching,HCBR,Hard coral,104,4091,Hard coral,Branching,
3458,Hard Coral Digitate,HcD,Hard coral,115,2859,Hard coral,Digitate,
1773,Dendrogyra cylindrus,DenCyl,Hard coral,29,572,Dendrogyra cylindrus,,
3297,Hard Coral Massive,HCM,Hard coral,109,3923,Hard coral,Massive,
1322,CRED-Zoanthid,*ZO,Other Invertebrates,13,1528,Zoanthid,,
1328,CRED-Caulerpa spp,*CAUL,Algae,39,834,Caulerpa,,
3302,Hard Coral_Encrusting,HCE,Hard coral,106,6013,Hard coral,Encrusting,
3438,Hard Substrate,HS,Hard Substrate,33,49714,Bare substrate,,
633,Heliopora,Heliop,Other Invertebrates,66,20169,Heliopora,,
1330,CRED-Dictyosphaeria spp,*DICT,Algae,41,1612,Dictyosphaeria,,"Need to add to MERMAID:"" https://www.marinespecies.org/aphia.php?p=taxdetails&id=144265"
554,Hydnophora,Hydno,Hard coral,63,5442,Hydnophora,,
456,Hydroid,Hydra,Other Invertebrates,30,3523,Hydroid,,
150,Isopora,Isopora,Hard coral,65,18493,Isopora,,
2562,Jania,Jania,Algae,56,13972,Jania,,
3385,Kelp,KELPA,Algae,11,2305,Macroalgae,,Should we add Kelp or put it as Macroalgae?
3011,Leather Coral,LC,Other Invertebrates,32,8010,Soft coral,,
66,Leptastrea,Lepta,Hard coral,90,14101,Leptastrea,,
623,Leptoria,Leptoria,Hard coral,69,2705,Leptoria,,
67,Leptoseris,Leptoseris,Hard coral,67,2253,Leptoseris,,
3806,Live Coral,LICO,Hard coral,18,12346,Hard coral,,Not sure. Live coral can be hard coral and soft coral
1386,Muricea spp.,MURSPP,Other Invertebrates,19,906,Muricea,,Need to add to MERMAID: https://www.marinespecies.org/aphia.php?p=taxdetails&id=177745
138,Lobophora,Lobophora,Algae,65,57337,Lobophora,,
504,Lobophora variegata,LopVar,Algae,66,43319,Lobophora variegata,,
1703,Loose Substrate: Rubble,LSUB_RUB,Soft Substrate,11,54662,Rubble,,
1373,Pseudodiploria clivosa,PseuCliv,Hard coral,32,906,Pseudodiploria clivosa,,
81,Macroalgae,MAL,Algae,183,596756,Macroalgae,,
325,Macroalgae: Articulated calcareous,MAAC,Algae,19,69484,Macroalgae,,
321,Macroalgae: Encrusting,MAEN,Algae,14,99636,Macroalgae,Encrusting,
1364,Madracis auretenra,MadAure,Hard coral,14,682,Madracis auretenra,,Need to add to MERMAID. WORMS link: https://www.marinespecies.org/aphia.php?p=taxdetails&id=430664
324,Macroalgae: Encrusting: brown,MAENB,Algae,38,11069,Macroalgae,Encrusting,
1355,CRED-Asparagopsis spp,*ASPP,Algae,16,1617,Asparagopsis,,
323,Macroalgae: Encrusting: green,MAENG,Algae,36,10417,Macroalgae,Encrusting,
1378,Stephanocoenia intersepta,StephInt,Hard coral,28,898,Stephanocoenia intersepta,,
322,Macroalgae: Encrusting: red,MAENR,Algae,17,3858,Macroalgae,Encrusting,
317,Macroalgae: Erect coarse branching,MAEC,Algae,11,29202,Macroalgae,Branching,
309,Macroalgae: Filamentous / filiform,MAF,Algae,13,79641,Macroalgae,,
1412,Acropora corymbose/tabular/plate,BRA_TAB-Ac,Hard coral,7,954,Acropora,Plates or tables,
310,Macroalgae: Filamentous / filiform : red,MAFR,Algae,6,14991,Macroalgae,,
294,Macroalgae: Sheet-like / membraneous,MAM,Algae,10,130528,Macroalgae,,
1783,Madracis mirabilis,MAMI,Hard coral,17,57658,Madracis myriaster,,Need to add to MERMAID: https://www.marinespecies.org/aphia.php?p=taxdetails&id=479012
1183,Meandrina meandrites,MM,Hard coral,34,2819,Meandrina meandrites,,
201,Merulina,Merulina,Hard coral,61,3333,Merulina,,
1444,Calcifying algae: Other,MACR_Cal_O,Algae,107,1546,Macroalgae,,
452,Microdictyon,Microdicty,Algae,37,15908,Microdictyon,,
1458,CCA: On dead coral,*CCADHC,Algae,8,633,Crustose coralline algae,,
79,Millepora,Millepora,Other Invertebrates,112,15890,Millepora,,
1742,Millepora alcicornis,MILA,Other Invertebrates,38,18622,Millepora alcicornis,,
1743,Millepora complanata,MILC,Other Invertebrates,30,7362,Millepora complanata,,
1571,Porites lutea,PorLut,Hard coral,10,738,Porites lutea,,
1976,Millepora spp.,Mil_spp,Hard coral,10,6975,Millepora,,
353,Molluscs: Gastropods,gastropod,Other Invertebrates,21,884,Other invertebrates,,
4525,Macrocystis pyrifera,pyrifera,Algae,5,601,Macrocystis pyrifera,,Need to add to MERMAID: https://www.marinespecies.org/aphia.php?p=taxdetails&id=232231
1126,Mobile fauna,Mobile,Other,5,6089,Other invertebrates,,
355,Molluscs: Bivalves,MOBI,Other Invertebrates,14,149986,Bivalvia,,
110,Montastraea cavernosa,MontaCav,Hard coral,47,32593,Montastraea cavernosa,,
70,Montipora,Monti,Hard coral,104,123868,Montipora,,
621,Montipora (encrusting),Monti_encr,Hard coral,7,3687,Montipora,Encrusting,
438,Montipora capitata,MontiCap,Hard coral,71,94187,Montipora capitata,,
2185,Montipora capitata bleached,Moncap BL,Hard coral,36,3850,Bleached coral,,
1768,Acropora cervicornis,AcrCerv,Hard coral,43,1718,Acropora cervicornis,,
1769,Acropora palmata,AcrPalm,Hard coral,37,1657,Acropora palmata,,
1766,Agaricia tenuifolia,AgTen,Hard coral,20,1932,Agaricia tenuifolia,,
2479,"Montipora capitata, recently dead",MCAP_RD,Algae,8,8022,Dead coral,,
440,Montipora patula,MontiPat,Hard coral,53,15246,Montipora patula,,
1796,Chondrilla spp.,CHON,Other Invertebrates,16,782,Chondrilla,,
1797,Clionid spp.,CLIONI,Other Invertebrates,15,626,,,Not available in WORMS. Suggest to remove.
1801,Limestone free of overgrowth,LIME,Hard Substrate,5,611,Bare substrate,,Not sure
815,Mud,Mud,Soft Substrate,33,7278,Silt,,
1781,Madracis decactis,MadDeca,Hard coral,32,1547,Madracis decactis,,
1430,Non hermatypic: Millepora (Fire coral),NN_MIL,Hard coral,5,2109,Millepora,,
1877,ARMS-CREP-Green encrusting macroalgae,_GREN,Algae,15,1445,Macroalgae,Encrusting,
628,Non-Acropora branching,NonAcBr,Hard coral,9,4822,Hard coral,Branching,
1829,Bivalve,Bivalve,Other Invertebrates,25,741,Bivalvia,,
1853,Bryozoan,bryozoan,Other Invertebrates,74,1700,Bryozoan,,
1869,Asparagopsis taxiformis,AspaTax,Algae,33,1453,Asparagopsis taxiformis,,
1858,Thalassia,Thalassia,Seagrass,5,615,Thalassia,,
629,Non-Acropora encrusting,NonAcEnc,Hard coral,7,6338,Hard coral,Encrusting,
1868,Galaxaura,Galaxaura,Algae,63,1253,Galaxaura,,
631,Non-Acropora massive,NonAcM,Hard coral,6,4590,Hard coral,Massive,
3453,Obscured,obscured,Other,6,2055,Obscured,,
104,Octocorallia,Octocoral,Other Invertebrates,14,9371,Octocorallia,,
85,Off,Off,Other,7,4720,,,Suggest to remove
1368,Orbicella annularis,OrbAnn,Hard coral,33,12246,Orbicella annularis,,
1891,ARMS-CREP-Foraminifera,_FORM,Other Invertebrates,15,1448,Foraminifera,,Need to add to MERMAID: https://www.marinespecies.org/aphia.php?p=taxdetails&id=1410
1894,ARMS-CREP-Soft Worm Tube,_SOWT,Other Invertebrates,14,541,Other invertebrates,,
1369,Orbicella faveolata,OrbFav,Hard coral,37,11724,Orbicella faveolata,,
1370,Orbicella franksi,OrbFrank,Hard coral,31,5589,Orbicella franksi,,
2546,Other,O,Other,179,52633,Other,,
1453,Other Algae,ALG_OTH,Algae,47,4985,Macroalgae,,
175,Other hard coral,OTH-HC,Hard coral,58,2251,Hard coral,,
982,Other invertebrate,Other Inv,Other Invertebrates,81,2995,Other invertebrates,,
179,Other sessile invertebrates,OTH-SINV,Other Invertebrates,39,2508,Other invertebrates,,
1947,Pavona decussata_divaricata_frondifera,Pav_d_d_f,Hard coral,6,675,Pavona decussata,,Not sure because it has other species name combined here
3123,Others,OTH,Other,13,17281,Other,,
2053,Pachyclavularia,Pachcla,Other Invertebrates,33,8502,Briareum,,Accepted as Briareum: https://www.marinespecies.org/aphia.php?p=taxdetails&id=1343032
1956,Montastrea spp.,Mont_spp,Hard coral,5,620,Montastrea,,
71,Pachyseris,Pachyseris,Hard coral,63,2256,Pachyseris,,
1980,Padina spp.,Pad_spp,Algae,37,990,Padina,,
2030,Ramicrusta spp.,Ram_spp,Algae,5,759,Ramicrusta,,Need to add to MERMAID: https://www.marinespecies.org/aphia.php?p=taxdetails&id=370140
428,Padina,Padina,Algae,90,50056,Padina,,
2050,Lobophytum,Lobphy,Other Invertebrates,13,1454,Lobophytum,,
1397,Palythoa,PALYTHO,Other Invertebrates,70,8793,Palythoa,,
3535,Palythoa caribaeorum,PCAR,Other Invertebrates,22,24478,Palythoa caribaeorum,,
2100,CREP-T1 Tape/Wand,*TW,Other,11,829,Other,,
2513,Pavement,Pavement,Hard Substrate,10,64947,Other,,
72,Pavona,Pavona,Hard coral,90,31288,Pavona,,
2142,Dysidea sp,Dys,Other Invertebrates,8,810,Dysidea,,Need to add to MERMAID: https://www.marinespecies.org/aphia.php?p=taxdetails&id=131745
1579,Pavona decussata,PavDec,Hard coral,7,2298,Pavona decussata,,
532,Peyssonnelia,Peysson,Algae,65,202462,Peyssonnelid algae,,
2217,Porites lobata bleached,Porlob BL,Hard coral,33,1278,Bleached coral,,
2232,Other Invertebrates,OR_Invert,Other Invertebrates,112,1897,Other invertebrates,,
626,PLATE,PLATE,Other,5,25658,Other,,Suggest to remove
116,Platygyra,Platy,Hard coral,76,11473,Platygyra,,
1560,Platygyra daedalea,PlDaed,Hard coral,7,2783,Platygyra daedalea,,
1382,Plexaura spp.,PLESPP,Other Invertebrates,23,28317,Plexaura,,
73,Pocillopora,Pocill,Hard coral,118,118076,Pocillopora,,
448,Pocillopora damicornis,PocDam,Hard coral,70,14753,Pocillopora damicornis,,
450,Pocillopora meandrina,PocMea,Hard coral,63,6391,Pocillopora meandrina,,
170,Pocilloporidae,POCIL,Hard coral,10,4379,Pocilloporidae,,
1442,Calcifying algae: Halimeda,MACR_Cal_H,Algae,11,670,Halimeda,,
1852,Porifera,Prfa,Other Invertebrates,44,2030,Porifera,,
2461,Benthic Microalgae on Sand,BMA_sand,Algae,11,1106,Macroalgae,,
2464,"Porites compressa, recently dead",PCOM_RD,Algae,7,923,Dead coral,,
74,Porites,Porites,Hard coral,124,367911,Porites,,
1413,Porites (branching),Por_branch,Hard coral,28,3270,Porites,Branching,
1974,Porites (massive),Por_mass,Hard coral,28,28926,Porites,Massive,
113,Porites astreoides,PorAstr,Hard coral,53,26248,Porites astreoides,,
444,Porites compressa,PorComp,Hard coral,70,105338,Porites compressa,,
132,Porites cylindrica,PorCyl,Hard coral,19,20071,Porites cylindrica,,
446,Porites evermanni,PorEverm,Hard coral,45,2119,Porites evermanni,,
89,Porites lobata,PorLob,Hard coral,35,264183,Porites lobata,,
131,Porites lobata 1,Plob,Hard coral,31,42949,Porites lobata,,
1788,Porites porites,PorPor,Hard coral,38,2668,Porites porites,,
88,Porites rus,PorRus,Hard coral,84,41907,Porites rus,,
2609,Zoanthids,Z,Other Invertebrates,10,1042,Zoanthid,,
4820,Porites superfusa,P-SUPER,Hard coral,34,3649,Porites superfusa,,Need to add to MERMAID: https://www.marinespecies.org/aphia.php?p=taxdetails&id=759336
2844,Microbial mats,M.mats,Other,6,1165,Microbial mats,,
171,Poritidae (massive),POR_mas,Hard coral,8,2256,Poritidae,Massive,
4558,Bleached Encrusting,BlE,Hard coral,5,569,Bleached coral,Encrusting,
75,Psammocora,Psammo,Hard coral,67,6715,Psammocora,,
3210,Zooanthid,Zoo,Other Invertebrates,25,1176,Zoanthid,,
3208,Anemone,Anemone,Other Invertebrates,69,968,Anemone,,
221,Acropora (corymbose),Acr_corym,Hard coral,12,1391,Acropora,Corymbose,
1374,Pseudodiploria strigosa,PseuStrig,Hard coral,38,13952,Pseudodiploria strigosa,,
1383,Pseudoplexaura spp.,PSESPP,Other Invertebrates,22,10198,Pseudoplexaura,,Need to add to MERMAID: https://www.marinespecies.org/aphia.php?p=taxdetails&id=267779
3286,Spyridia filamentosa,SPYR,Algae,9,957,Spyridia filamentosa,,Need to add to MERMAID: https://www.marinespecies.org/aphia.php?p=taxdetails&id=144706
2451,Pseudopterogorgia,Pseudopter,Other Invertebrates,24,10102,Pseudopterogorgia,,
1389,Pterogorgia,Pterogorg,Other Invertebrates,24,3699,Pterogorgia,,
1848,PVC,PVC,Other,15,7290,Other,,
3603,Quadrat,QUD,Other,8,6872,Other,,
3305,Rock Crustose Coralline Algae,RCCA,Hard Substrate,9,736,Crustose coralline algae,,
597,Red ALgae,RAlg,Algae,6,2594,Macroalgae,,
1064,"Red algae, filamentous",RAFI,Algae,5,4509,Macroalgae,,
2473,Red fleshy algae,RFA,Algae,49,3757,Macroalgae,,
3346,silt,SL*,Soft Substrate,12,1574,Silt,,
522,Red Turf,RedTurf,Algae,9,42579,Macroalgae,,
3435,Plating Coral,PLATEC,Hard coral,6,1559,Hard coral,Plates or tables,Not sure
4201,Rhipilia spp.,Rhp,Algae,31,6582,Rhipilia,,Need to add to MERMAID: https://www.marinespecies.org/aphia.php?p=taxdetails&id=143823
515,Rock,Rock,Hard Substrate,116,117964,Rock,,
524,Rock Rubble,RockRub,Hard Substrate,12,3605,Rubble,,Not sure
3459,Hard Coral Tabulate,HcT,Hard coral,9,799,Hard coral,Plates or tables,
2011,Cyanobacterium sp.,Cya_spe,Algae,6,627,Cyanobacterium,,Need to add to MERMAID: https://www.marinespecies.org/aphia.php?p=taxdetails&id=573277
3299,Rock Turf Algae,RCTA,Hard Substrate,16,8055,Turf algae,,
1911,Rock_Pavement,RckPav,Hard Substrate,13,10264,Other,,
1457,Rubble,Rubble,Other,121,77469,Rubble,,
2843,Rubbles,Rubbles,Other,6,24113,Rubble,,
3521,Ascidian (solitary),ASCD_sol,Other Invertebrates,10,1763,Ascidian,,
84,Sand,Sand,Soft Substrate,418,1882701,Sand,,
1402,Sand (soft),Sand_soft,Soft Substrate,14,115031,Sand,,
4573,Sand / Rubble,SaRub,Other,27,157469,Sand,,Not sure. Maybe Bare Subtrate?
106,Sand and sediment,Mix,Soft Substrate,7,7916,Sand,,Not sure. Maybe Bare Subtrate?
3796,Gorgonia ventalina,Gven,Other Invertebrates,8,657,Gorgonia ventalina,,Need to add to MERMAID: https://www.marinespecies.org/aphia.php?p=taxdetails&id=290045
4158,Sand/Silt,SSI,Soft Substrate,6,9777,Sand,,Not sure
429,Sargassum,Sargassum,Algae,112,7664,Sargassum,,
4319,Sargassum hystrix,SarHys,Algae,12,8394,Sargassum hystrix,,
94,Seagrass,Seagrass,Seagrass,71,257609,Seagrass,,
95,Sediment,Sediment,Soft Substrate,22,25657,Bare substrate,,
1639,sediment (fine),sed_fine,Soft Substrate,5,86682,Bare substrate,,
222,Shadow,SHAD,Other,76,50535,Other,,
523,Shell/ Shell Hash,Shell,Hard Substrate,16,6640,Other,,
4817,Sick CCA,SCCA,Algae,34,13628,Crustose coralline algae,,
474,Siderastrea,Siderastr,Hard coral,35,2586,Siderastrea,,
111,Siderastrea siderea,SidSid,Hard coral,43,14742,Siderastrea siderea,,
1807,Silt/Clay,Silt,Soft Substrate,57,8614,Silt,,
2051,Sinularia,Sinla,Other Invertebrates,33,12118,Sinularia,,
80,Soft Coral,SC,Other Invertebrates,249,75702,Soft coral,,
102,Sponge,SP,Other Invertebrates,196,75790,Sponge,,
2168,Sponge Other,SpgOth,Other Invertebrates,16,16459,Sponge,,
185,Stylophora,Styloph,Hard coral,72,3907,Stylophora,,
1276,CRED-Echinopora spp,*ECHP,Hard coral,9,679,Echinopora,,
4114,Substrate: Consolidated (hard),MGSC,Hard Substrate,11,382199,Bare substrate,,Not sure
369,Substrate: Unconsolidated : pebble/gravel,SUPG,Soft Substrate,6,5594,Bare substrate,,Not sure
4115,Substrate: Unconsolidated (soft),MGSU,Soft Substrate,9,6445,Bare substrate,,Not sure
1320,CRED-Tunicate,*TUN,Other Invertebrates,13,1472,Tunicate,,
1859,Syringodium,Syringodiu,Seagrass,12,3253,Syringodium,,
747,tag/frame/zspar etc,TAG,Other,23,15828,Other,,
1827,TAPE,TAPE,Other,40,16211,Other,,
4936,Tape_TWS,taptws,Other,6,2577,Other,,
2826,Thalassia testudinum,ThalTes,Seagrass,16,19164,Thalassia testudinum,,
142,Recent Dead Coral,RD_HC,Hard coral,62,1837,Dead coral,,
2453,Thick turf algae,Turf thick,Algae,5,7482,Turf algae,,
107,Transect hardware,Transect,Other,30,11884,Other,,
2515,Transect Tape,TT,Other,9,3183,Other,,
1854,Tunicate,Tunicate,Other Invertebrates,99,4698,Tunicate,,
432,Avrainvillea,Avrainvil,Algae,40,1017,Avrainvillea,,
465,Dictyopteris,Dictyopter,Algae,43,1515,Dictyopteris,,
435,Turbinaria (algae),Turbin,Algae,109,3778,Turbinaria-algae,,
3620,Tunicate (colonial),Tun_col,Other Invertebrates,8,1122,Tunicate,,
236,Hard Coral (submassive),HC_submass,Hard coral,19,957,Hard coral,Submassive,
1267,CRED-Free-living hard coral,*FREE,Hard coral,15,1231,Hard coral,Mushroom coral,
1913,Turf  algae,Turf_algae,Algae,23,114600,Turf algae,,
82,Turf algae,Turf,Algae,321,5496896,Turf algae,,
1561,Turf Algae (macroalgae),MAL_turf,Algae,8,10665,Turf algae,,
463,Turf and sand,Turf_sand,Algae,23,75219,Turf algae,,Not sure
793,Turf growing on hard substrate,TURFH,Algae,5,35502,Turf algae,,
2230,Turf on rubble,Turf_rubbl,Algae,14,3727,Turf algae,,
3930,Tydemania spp.,Tyd,Algae,46,2096,Tydemania,,
584,Ulva,Ulva,Algae,79,19072,Ulva,,
118,Unclear,Unc,Other,43,63347,Unknown,,
4719,Verrucaria,Verrucaria,Other,6,1969,Verrucaria,,Need to add to MERMAID: https://www.marinespecies.org/aphia.php?p=taxdetails&id=147701
4145,Unidentified,UNIden,Other,8,37633,Unknown,,
1647,Unknown,Unk,Other,228,23705,Unknown,,
2134,Unknown Invertebrate,Unkinvert,Other Invertebrates,5,2972,Other invertebrates,,
3591,Unknown macroalgae,UnkMacroa,Algae,9,4929,Macroalgae,,
2545,Wand,WAND,Other,14,2815,Other,,
5118,limestone_stable_substrate,limess,Hard Substrate,35,873,Bare substrate,,Not sure
5306,Holes,Holes,Other,5,509,,,Suggest to remove
461,Water,WATER,Other,28,40233,Other,,Suggest to remove
5648,Sargassum fluitans,S-flu,Algae,12,647,Sargassum fluitans,,Need to add to MERMAID: https://www.marinespecies.org/aphia.php?p=taxdetails&id=157202
5818,Coral rubble,Rubble_cor,Soft Substrate,6,1696,Rubble,,
6151,Cover - Abundance of Cyanobacteria,C_A_Cyano,Other,8,922,Cyanobacteria,,
361,Worms: Polychaetes: Tube worms,WPTW,Other Invertebrates,19,3663,Other invertebrates,,
137,Xenia,Xeni,Other Invertebrates,11,2708,Xenia,,
6871,Padina boergesenii,Pad.boe,Algae,12,1447,Padina boergesenii,,Need to add to MERMAID: https://www.marinespecies.org/aphia.php?p=taxdetails&id=145382
1175,XENIIDAE,XEN,Other Invertebrates,6,15732,Xeniidae,,
133,Zoanthid,Zoanthid,Other Invertebrates,113,7688,Zoanthid,,
7044,sea anenome,aneno,Other Invertebrates,5,576,Anemone,,